{"cameraMode":{"drawMode":0,"name":"Shaded","section":"Shading Mode"},"sceneLighting":true,"audioPlay":false,"sceneViewState":{"showFog":true,"showMaterialUpdate":false,"showSkybox":true,"showFlares":true,"showImageEffects":true,"showParticleSystems":true},"in2DMode":false,"pivot":{"x":-28.24722671508789,"y":2.290522575378418,"z":13.676067352294922},"rotation":{"x":-0.2566787600517273,"y":0.48152774572372439,"z":-0.1499093621969223,"w":-0.8244855403900147},"size":8.365530967712403,"orthographic":false}