{"cameraMode":{"drawMode":0,"name":"Shaded","section":"Shading Mode"},"sceneLighting":true,"audioPlay":false,"sceneViewState":{"showFog":true,"showMaterialUpdate":false,"showSkybox":true,"showFlares":true,"showImageEffects":true,"showParticleSystems":true},"in2DMode":false,"pivot":{"x":6.679324150085449,"y":2.266011953353882,"z":-18.615055084228517},"rotation":{"x":0.10346217453479767,"y":0.7184773683547974,"z":-0.10946707427501679,"w":0.6790533065795898},"size":1.5422204732894898,"orthographic":true}