{"cameraMode":{"drawMode":0,"name":"Shaded","section":"Shading Mode"},"sceneLighting":true,"audioPlay":false,"sceneViewState":{"showFog":true,"showMaterialUpdate":false,"showSkybox":true,"showFlares":true,"showImageEffects":true,"showParticleSystems":true},"in2DMode":false,"pivot":{"x":297.1800537109375,"y":148.15896606445313,"z":-22.76201820373535},"rotation":{"x":0.0011978754773736,"y":0.006600179709494114,"z":-0.0000073799274105113,"w":0.9999924302101135},"size":713.9193725585938,"orthographic":true}