{"cameraMode":{"drawMode":0,"name":"Shaded","section":"Shading Mode"},"sceneLighting":true,"audioPlay":false,"sceneViewState":{"showFog":true,"showMaterialUpdate":false,"showSkybox":true,"showFlares":true,"showImageEffects":true,"showParticleSystems":true},"in2DMode":false,"pivot":{"x":-22.65203094482422,"y":-46.902469635009769,"z":52.18247604370117},"rotation":{"x":0.48252221941947939,"y":0.1993493288755417,"z":-0.11378926783800125,"w":0.84529048204422},"size":51.24583053588867,"orthographic":true}