{"cameraMode":{"drawMode":0,"name":"Shaded","section":"Shading Mode"},"sceneLighting":false,"audioPlay":false,"sceneViewState":{"showFog":true,"showMaterialUpdate":false,"showSkybox":false,"showFlares":true,"showImageEffects":true,"showParticleSystems":true},"in2DMode":false,"pivot":{"x":-22.97000503540039,"y":2.8602705001831056,"z":-22.438440322875978},"rotation":{"x":0.22777502238750459,"y":-0.5495491027832031,"z":0.1588573306798935,"w":0.7879613041877747},"size":20.107934951782228,"orthographic":true}