{"cameraMode":{"drawMode":0,"name":"Shaded","section":"Shading Mode"},"sceneLighting":false,"audioPlay":false,"sceneViewState":{"showFog":true,"showMaterialUpdate":false,"showSkybox":false,"showFlares":true,"showImageEffects":true,"showParticleSystems":true},"in2DMode":false,"pivot":{"x":-1.5059733390808106,"y":0.681354284286499,"z":0.0014029070734977723},"rotation":{"x":0.2414650171995163,"y":0.013100065290927887,"z":-0.0032599703408777715,"w":0.9703159928321838},"size":5.87303352355957,"orthographic":true}