{"cameraMode":{"drawMode":0,"name":"Shaded","section":"Shading Mode"},"sceneLighting":false,"audioPlay":false,"sceneViewState":{"showFog":true,"showMaterialUpdate":false,"showSkybox":false,"showFlares":true,"showImageEffects":true,"showParticleSystems":true},"in2DMode":false,"pivot":{"x":-0.0000016689300537109376,"y":0.5736283659934998,"z":-0.000003606081008911133},"rotation":{"x":0.199696347117424,"y":-0.4058109521865845,"z":0.09134247153997421,"w":0.8871892094612122},"size":3.7200920581817629,"orthographic":true}