{"cameraMode":{"drawMode":0,"name":"Shaded","section":"Shading Mode"},"sceneLighting":false,"audioPlay":false,"sceneViewState":{"showFog":true,"showMaterialUpdate":false,"showSkybox":false,"showFlares":true,"showImageEffects":true,"showParticleSystems":true},"in2DMode":false,"pivot":{"x":23.822446823120118,"y":3.4327821731567385,"z":-21.042205810546876},"rotation":{"x":0.15174080431461335,"y":0.029647894203662874,"z":-0.004553681239485741,"w":0.9879664182662964},"size":25.63523292541504,"orthographic":true}