{"cameraMode":{"drawMode":0,"name":"Shaded","section":"Shading Mode"},"sceneLighting":false,"audioPlay":false,"sceneViewState":{"showFog":true,"showMaterialUpdate":false,"showSkybox":false,"showFlares":true,"showImageEffects":true,"showParticleSystems":true},"in2DMode":false,"pivot":{"x":-1.1920928955078126e-7,"y":2.1981277465820314,"z":-1.1920928955078126e-7},"rotation":{"x":0.4246898293495178,"y":-0.031223678961396219,"z":0.014657773077487946,"w":0.9046831130981445},"size":17.456256866455079,"orthographic":true}