{"cameraMode":{"drawMode":0,"name":"Shaded","section":"Shading Mode"},"sceneLighting":true,"audioPlay":false,"sceneViewState":{"showFog":true,"showMaterialUpdate":true,"showSkybox":true,"showFlares":true,"showImageEffects":true,"showParticleSystems":true},"in2DMode":false,"pivot":{"x":1.1265760660171509,"y":3.858991861343384,"z":-1.0880202054977418},"rotation":{"x":0.35816410183906557,"y":-0.003924114629626274,"z":0.001492984127253294,"w":0.9336670637130737},"size":18.911577224731447,"orthographic":true}