{"cameraMode":{"drawMode":0,"name":"Shaded","section":"Shading Mode"},"sceneLighting":false,"audioPlay":false,"sceneViewState":{"showFog":true,"showMaterialUpdate":true,"showSkybox":false,"showFlares":true,"showImageEffects":true,"showParticleSystems":true},"in2DMode":false,"pivot":{"x":7.0,"y":0.3000001609325409,"z":-6.000001907348633},"rotation":{"x":0.1977282613515854,"y":0.6953203678131104,"z":-0.20870167016983033,"w":0.6587461233139038},"size":1.5063409805297852,"orthographic":true}