{"cameraMode":{"drawMode":0,"name":"Shaded","section":"Shading Mode"},"sceneLighting":false,"audioPlay":false,"sceneViewState":{"showFog":true,"showMaterialUpdate":true,"showSkybox":false,"showFlares":true,"showImageEffects":true,"showParticleSystems":true},"in2DMode":false,"pivot":{"x":2.169081687927246,"y":0.02471698820590973,"z":-0.8517515063285828},"rotation":{"x":0.10474641621112824,"y":0.8839495778083801,"z":-0.23775629699230195,"w":0.38898253440856936},"size":8.718854904174805,"orthographic":false}