{"cameraMode":{"drawMode":0,"name":"Shaded","section":"Shading Mode"},"sceneLighting":true,"audioPlay":false,"sceneViewState":{"showFog":true,"showMaterialUpdate":true,"showSkybox":true,"showFlares":true,"showImageEffects":true,"showParticleSystems":true},"in2DMode":false,"pivot":{"x":-1.7877682447433472,"y":11.24921703338623,"z":-4.600277900695801},"rotation":{"x":-0.3106305003166199,"y":0.623876690864563,"z":-0.2967156171798706,"w":-0.6529324650764465},"size":15.45311164855957,"orthographic":true}