{"cameraMode":{"drawMode":0,"name":"Shaded","section":"Shading Mode"},"sceneLighting":true,"audioPlay":false,"sceneViewState":{"showFog":true,"showMaterialUpdate":true,"showSkybox":true,"showFlares":true,"showImageEffects":true,"showParticleSystems":true},"in2DMode":false,"pivot":{"x":-7.957063674926758,"y":2.715611696243286,"z":-9.475872993469239},"rotation":{"x":-0.17594273388385774,"y":0.7072637677192688,"z":-0.18917252123355866,"w":-0.6581211686134338},"size":53.018707275390628,"orthographic":false}