{"cameraMode":{"drawMode":0,"name":"Shaded","section":"Shading Mode"},"sceneLighting":false,"audioPlay":false,"sceneViewState":{"showFog":true,"showMaterialUpdate":true,"showSkybox":false,"showFlares":true,"showImageEffects":true,"showParticleSystems":true},"in2DMode":false,"pivot":{"x":0.010066650807857514,"y":0.7222049832344055,"z":0.006413936614990234},"rotation":{"x":-0.18458913266658784,"y":0.7563897371292114,"z":-0.2409556806087494,"w":-0.5794433355331421},"size":4.0489630699157719,"orthographic":false}