{"cameraMode":{"drawMode":0,"name":"Shaded","section":"Shading Mode"},"sceneLighting":true,"audioPlay":false,"sceneViewState":{"showFog":true,"showMaterialUpdate":true,"showSkybox":true,"showFlares":true,"showImageEffects":true,"showParticleSystems":true},"in2DMode":false,"pivot":{"x":-10.559561729431153,"y":4.32920503616333,"z":-28.876840591430665},"rotation":{"x":0.002785481745377183,"y":0.9899914860725403,"z":-0.13991448283195496,"w":0.019599858671426774},"size":69.54816436767578,"orthographic":false}