{"cameraMode":{"drawMode":0,"name":"Shaded","section":"Shading Mode"},"sceneLighting":true,"audioPlay":false,"sceneViewState":{"showFog":true,"showMaterialUpdate":true,"showSkybox":false,"showFlares":true,"showImageEffects":true,"showParticleSystems":true},"in2DMode":false,"pivot":{"x":0.000015243887901306152,"y":0.29042938351631167,"z":0.0000019073486328125},"rotation":{"x":0.07211968302726746,"y":0.9278254508972168,"z":-0.24808746576309205,"w":0.26937100291252139},"size":0.66045081615448,"orthographic":false}