{"cameraMode":{"drawMode":0,"name":"Shaded","section":"Shading Mode"},"sceneLighting":true,"audioPlay":false,"sceneViewState":{"showFog":true,"showMaterialUpdate":true,"showSkybox":true,"showFlares":true,"showImageEffects":true,"showParticleSystems":true},"in2DMode":false,"pivot":{"x":5.140720367431641,"y":3.0581130981445314,"z":-5.510326385498047},"rotation":{"x":0.20480003952980042,"y":0.7381447553634644,"z":-0.2566007673740387,"w":0.5894344449043274},"size":10.923928260803223,"orthographic":true}