{"cameraMode":{"drawMode":0,"name":"Shaded","section":"Shading Mode"},"sceneLighting":false,"audioPlay":false,"sceneViewState":{"showFog":true,"showMaterialUpdate":true,"showSkybox":false,"showFlares":true,"showImageEffects":true,"showParticleSystems":true},"in2DMode":false,"pivot":{"x":0.006310880184173584,"y":0.571954071521759,"z":0.0002511143684387207},"rotation":{"x":0.41228535771369936,"y":-0.13314497470855714,"z":0.06104722246527672,"w":0.8992098569869995},"size":2.764383554458618,"orthographic":true}