{"cameraMode":{"drawMode":0,"name":"Shaded","section":"Shading Mode"},"sceneLighting":false,"audioPlay":false,"sceneViewState":{"showFog":true,"showMaterialUpdate":true,"showSkybox":false,"showFlares":true,"showImageEffects":true,"showParticleSystems":true},"in2DMode":false,"pivot":{"x":1.7100467681884766,"y":-0.43180739879608157,"z":-0.9765442609786987},"rotation":{"x":0.033070530742406848,"y":0.9356621503829956,"z":-0.3397241234779358,"w":0.09058842808008194},"size":5.162229061126709,"orthographic":false}