{"cameraMode":{"drawMode":0,"name":"Shaded","section":"Shading Mode"},"sceneLighting":true,"audioPlay":false,"sceneViewState":{"showFog":true,"showMaterialUpdate":true,"showSkybox":true,"showFlares":true,"showImageEffects":true,"showParticleSystems":true},"in2DMode":false,"pivot":{"x":1.1737371683120728,"y":1.5167745351791382,"z":-5.936005115509033},"rotation":{"x":-0.018537605181336404,"y":0.9533696174621582,"z":-0.29523488879203799,"w":-0.059852782636880878},"size":14.915246963500977,"orthographic":false}