{"cameraMode":{"drawMode":0,"name":"Shaded","section":"Shading Mode"},"sceneLighting":false,"audioPlay":false,"sceneViewState":{"showFog":true,"showMaterialUpdate":true,"showSkybox":false,"showFlares":true,"showImageEffects":true,"showParticleSystems":true},"in2DMode":false,"pivot":{"x":0.0,"y":0.001053452491760254,"z":0.006549954414367676},"rotation":{"x":-0.18791624903678895,"y":-0.6974221467971802,"z":0.1977563202381134,"w":-0.6627398133277893},"size":1.491503357887268,"orthographic":true}