{"cameraMode":{"drawMode":0,"name":"Shaded","section":"Shading Mode"},"sceneLighting":false,"audioPlay":false,"sceneViewState":{"showFog":true,"showMaterialUpdate":true,"showSkybox":false,"showFlares":true,"showImageEffects":true,"showParticleSystems":true},"in2DMode":false,"pivot":{"x":-0.004478573799133301,"y":1.4859288930892945,"z":-0.22334519028663636},"rotation":{"x":0.022030331194400789,"y":0.9601793885231018,"z":-0.26758483052253725,"w":0.07845504581928253},"size":5.166378498077393,"orthographic":false}