{"cameraMode":{"drawMode":0,"name":"Shaded","section":"Shading Mode"},"sceneLighting":true,"audioPlay":false,"sceneViewState":{"showFog":false,"showMaterialUpdate":false,"showSkybox":false,"showFlares":false,"showImageEffects":false,"showParticleSystems":false},"in2DMode":false,"pivot":{"x":10.144058227539063,"y":-7.276079177856445,"z":-24.843997955322267},"rotation":{"x":0.02956075221300125,"y":0.9705427885055542,"z":-0.16490629315376283,"w":0.17383736371994019},"size":40.246070861816409,"orthographic":false}