{"cameraMode":{"drawMode":0,"name":"Shaded","section":"Shading Mode"},"sceneLighting":false,"audioPlay":false,"sceneViewState":{"showFog":true,"showMaterialUpdate":false,"showSkybox":false,"showFlares":true,"showImageEffects":true,"showParticleSystems":true},"in2DMode":false,"pivot":{"x":0.011352062225341797,"y":1.2039645910263062,"z":-0.0975537896156311},"rotation":{"x":-0.01883198320865631,"y":0.9767953753471375,"z":-0.19019769132137299,"w":-0.0967230275273323},"size":19.066383361816408,"orthographic":false}