{"cameraMode":{"drawMode":0,"name":"Shaded","section":"Shading Mode"},"sceneLighting":true,"audioPlay":false,"sceneViewState":{"showFog":true,"showMaterialUpdate":false,"showSkybox":true,"showFlares":true,"showImageEffects":true,"showParticleSystems":true},"in2DMode":false,"pivot":{"x":-12.16908073425293,"y":0.8277534246444702,"z":7.685300350189209},"rotation":{"x":0.20130467414855958,"y":0.24075278639793397,"z":-0.05192670598626137,"w":0.9481385350227356},"size":24.916969299316408,"orthographic":false}