{"cameraMode":{"drawMode":0,"name":"Shaded","section":"Shading Mode"},"sceneLighting":true,"audioPlay":false,"sceneViewState":{"showFog":true,"showMaterialUpdate":false,"showSkybox":true,"showFlares":true,"showImageEffects":true,"showParticleSystems":true},"in2DMode":false,"pivot":{"x":-11.378412246704102,"y":-15.292919158935547,"z":-8.880337715148926},"rotation":{"x":0.17797601222991944,"y":0.802514910697937,"z":-0.4881366193294525,"w":0.29352107644081118},"size":26.792884826660158,"orthographic":false}