{"cameraMode":{"drawMode":0,"name":"Shaded","section":"Shading Mode"},"sceneLighting":true,"audioPlay":false,"sceneViewState":{"showFog":true,"showMaterialUpdate":false,"showSkybox":false,"showFlares":true,"showImageEffects":true,"showParticleSystems":true},"in2DMode":false,"pivot":{"x":2.5511112213134767,"y":1.2506879568099976,"z":-1.4327118396759034},"rotation":{"x":-0.059713512659072879,"y":0.7995541095733643,"z":0.08061838895082474,"w":0.5921842455863953},"size":7.607861042022705,"orthographic":false}