{"cameraMode":{"drawMode":0,"name":"Shaded","section":"Shading Mode"},"sceneLighting":false,"audioPlay":false,"sceneViewState":{"showFog":true,"showMaterialUpdate":false,"showSkybox":false,"showFlares":true,"showImageEffects":true,"showParticleSystems":true},"in2DMode":false,"pivot":{"x":0.12775421142578126,"y":4.875411033630371,"z":0.005105853080749512},"rotation":{"x":-0.008187612518668175,"y":-0.9910804629325867,"z":0.10330387949943543,"w":-0.08466258645057678},"size":19.55965232849121,"orthographic":false}