{"cameraMode":{"drawMode":0,"name":"Shaded","section":"Shading Mode"},"sceneLighting":false,"audioPlay":false,"sceneViewState":{"showFog":true,"showMaterialUpdate":false,"showSkybox":false,"showFlares":true,"showImageEffects":true,"showParticleSystems":true},"in2DMode":false,"pivot":{"x":0.7120000123977661,"y":0.1289999932050705,"z":0.4970000088214874},"rotation":{"x":-0.33266106247901919,"y":-0.031119652092456819,"z":0.011012060567736626,"w":-0.9424984455108643},"size":0.5637713074684143,"orthographic":false}