{"cameraMode":{"drawMode":0,"name":"Shaded","section":"Shading Mode"},"sceneLighting":true,"audioPlay":false,"sceneViewState":{"showFog":true,"showMaterialUpdate":false,"showSkybox":true,"showFlares":true,"showImageEffects":true,"showParticleSystems":true},"in2DMode":false,"pivot":{"x":-4.771425247192383,"y":-81.41456604003906,"z":64.16363525390625},"rotation":{"x":-0.4187699854373932,"y":0.029707258567214013,"z":-0.013573955744504929,"w":-0.9075683951377869},"size":132.43408203125,"orthographic":false}