{"cameraMode":{"drawMode":0,"name":"Shaded","section":"Shading Mode"},"sceneLighting":false,"audioPlay":false,"sceneViewState":{"showFog":true,"showMaterialUpdate":false,"showSkybox":false,"showFlares":true,"showImageEffects":true,"showParticleSystems":true},"in2DMode":false,"pivot":{"x":0.0,"y":2.3913609981536867,"z":-1.8892381191253663},"rotation":{"x":-0.11857780814170838,"y":-0.8436153531074524,"z":0.20972944796085359,"w":-0.4800136387348175},"size":10.815299987792969,"orthographic":false}