{"cameraMode":{"drawMode":0,"name":"Shaded","section":"Shading Mode"},"sceneLighting":false,"audioPlay":false,"sceneViewState":{"showFog":true,"showMaterialUpdate":false,"showSkybox":false,"showFlares":true,"showImageEffects":true,"showParticleSystems":true},"in2DMode":false,"pivot":{"x":3.8980002403259279,"y":0.07184971868991852,"z":-2.6260263919830324},"rotation":{"x":-0.008187612518668175,"y":-0.9910804629325867,"z":0.10330387949943543,"w":-0.08466258645057678},"size":9.675442695617676,"orthographic":false}