{"cameraMode":{"drawMode":0,"name":"Shaded","section":"Shading Mode"},"sceneLighting":false,"audioPlay":false,"sceneViewState":{"showFog":true,"showMaterialUpdate":false,"showSkybox":false,"showFlares":true,"showImageEffects":true,"showParticleSystems":true},"in2DMode":false,"pivot":{"x":-2.7821483612060549,"y":-1.9719780683517457,"z":0.4724920392036438},"rotation":{"x":0.19187800586223603,"y":-0.6659271121025086,"z":0.18196932971477509,"w":0.6976813673973084},"size":7.986679553985596,"orthographic":false}