{"cameraMode":{"drawMode":0,"name":"Shaded","section":"Shading Mode"},"sceneLighting":false,"audioPlay":false,"sceneViewState":{"showFog":true,"showMaterialUpdate":false,"showSkybox":false,"showFlares":true,"showImageEffects":true,"showParticleSystems":true},"in2DMode":false,"pivot":{"x":-18.364532470703126,"y":3.007330894470215,"z":-11.618051528930664},"rotation":{"x":-0.11857780814170838,"y":-0.8436153531074524,"z":0.20972944796085359,"w":-0.4800136387348175},"size":6.756627082824707,"orthographic":false}