{"cameraMode":{"drawMode":0,"name":"Shaded","section":"Shading Mode"},"sceneLighting":true,"audioPlay":false,"sceneViewState":{"showFog":true,"showMaterialUpdate":false,"showSkybox":true,"showFlares":true,"showImageEffects":true,"showParticleSystems":true},"in2DMode":false,"pivot":{"x":-13.46138858795166,"y":8.849874496459961,"z":-13.487639427185059},"rotation":{"x":-0.4164877235889435,"y":0.08764182031154633,"z":-0.04029189422726631,"w":-0.9040606617927551},"size":38.26205062866211,"orthographic":true}