{"cameraMode":{"drawMode":0,"name":"Shaded","section":"Shading Mode"},"sceneLighting":true,"audioPlay":false,"sceneViewState":{"showFog":true,"showMaterialUpdate":false,"showSkybox":true,"showFlares":true,"showImageEffects":true,"showParticleSystems":true},"in2DMode":false,"pivot":{"x":-12.077325820922852,"y":-2.4545817375183107,"z":-1.7666302919387818},"rotation":{"x":0.4046984314918518,"y":-0.522030234336853,"z":0.30867910385131838,"w":0.684418797492981},"size":33.01324462890625,"orthographic":true}