{"cameraMode":{"drawMode":0,"name":"Shaded","section":"Shading Mode"},"sceneLighting":true,"audioPlay":false,"sceneViewState":{"showFog":true,"showMaterialUpdate":false,"showSkybox":true,"showFlares":true,"showImageEffects":true,"showParticleSystems":true},"in2DMode":false,"pivot":{"x":0.24024322628974915,"y":1.1554830074310303,"z":-0.38518834114074709},"rotation":{"x":-0.45168444514274599,"y":-0.09100302308797836,"z":0.046366628259420398,"w":-0.8863447308540344},"size":2.377734899520874,"orthographic":true}