{"cameraMode":{"drawMode":0,"name":"Shaded","section":"Shading Mode"},"sceneLighting":false,"audioPlay":false,"sceneViewState":{"showFog":true,"showMaterialUpdate":false,"showSkybox":false,"showFlares":true,"showImageEffects":true,"showParticleSystems":true},"in2DMode":false,"pivot":{"x":0.3324894905090332,"y":3.7221059799194338,"z":-0.40507376194000246},"rotation":{"x":0.18792837858200074,"y":-0.32311511039733889,"z":0.06563250720500946,"w":0.9251881241798401},"size":14.130016326904297,"orthographic":true}