{"cameraMode":{"drawMode":0,"name":"Shaded","section":"Shading Mode"},"sceneLighting":true,"audioPlay":false,"sceneViewState":{"showFog":true,"showMaterialUpdate":false,"showSkybox":true,"showFlares":true,"showImageEffects":true,"showParticleSystems":true},"in2DMode":false,"pivot":{"x":-5.967278957366943,"y":-10.399016380310059,"z":-27.556625366210939},"rotation":{"x":-0.1800352782011032,"y":-0.8116974830627441,"z":0.4517926573753357,"w":-0.3234529197216034},"size":62.6241455078125,"orthographic":false}