{"cameraMode":{"drawMode":0,"name":"Shaded","section":"Shading Mode"},"sceneLighting":true,"audioPlay":false,"sceneViewState":{"showFog":true,"showMaterialUpdate":false,"showSkybox":true,"showFlares":true,"showImageEffects":true,"showParticleSystems":true},"in2DMode":false,"pivot":{"x":0.554495096206665,"y":-6.128592014312744,"z":0.8033028244972229},"rotation":{"x":-0.026698971167206765,"y":-0.9692872762680054,"z":0.21177919209003449,"w":-0.1221969723701477},"size":1014.1038818359375,"orthographic":false}