{"cameraMode":{"drawMode":0,"name":"Shaded","section":"Shading Mode"},"sceneLighting":true,"audioPlay":false,"sceneViewState":{"showFog":true,"showMaterialUpdate":false,"showSkybox":true,"showFlares":true,"showImageEffects":true,"showParticleSystems":true},"in2DMode":false,"pivot":{"x":-0.30951207876205447,"y":7.304811954498291,"z":-19.07147216796875},"rotation":{"x":0.15513724088668824,"y":-0.8337743282318115,"z":0.2929002344608307,"w":0.4417977035045624},"size":30.34823989868164,"orthographic":true}