{"cameraMode":{"drawMode":0,"name":"Shaded","section":"Shading Mode"},"sceneLighting":true,"audioPlay":false,"sceneViewState":{"showFog":true,"showMaterialUpdate":false,"showSkybox":true,"showFlares":true,"showImageEffects":true,"showParticleSystems":true},"in2DMode":false,"pivot":{"x":-4.586363315582275,"y":2.0253140926361086,"z":-18.582592010498048},"rotation":{"x":0.07100760191679001,"y":-0.9127710461616516,"z":0.1796848177909851,"w":0.36032095551490786},"size":22.325956344604493,"orthographic":true}