{"cameraMode":{"drawMode":0,"name":"Shaded","section":"Shading Mode"},"sceneLighting":true,"audioPlay":false,"sceneViewState":{"showFog":true,"showMaterialUpdate":false,"showSkybox":true,"showFlares":true,"showImageEffects":true,"showParticleSystems":true},"in2DMode":false,"pivot":{"x":-24.02527618408203,"y":3.4519762992858888,"z":-18.00899887084961},"rotation":{"x":0.395048588514328,"y":-0.5323581695556641,"z":0.3081001043319702,"w":0.6824575662612915},"size":17.927581787109376,"orthographic":true}