{"cameraMode":{"drawMode":0,"name":"Shaded","section":"Shading Mode"},"sceneLighting":true,"audioPlay":false,"sceneViewState":{"showFog":true,"showMaterialUpdate":false,"showSkybox":true,"showFlares":true,"showImageEffects":true,"showParticleSystems":true},"in2DMode":false,"pivot":{"x":-16.790674209594728,"y":15.94919204711914,"z":-5.421689033508301},"rotation":{"x":-0.23946276307106019,"y":-0.7573977708816528,"z":0.38673335313796999,"w":-0.46854159235954287},"size":40.431549072265628,"orthographic":true}