{"cameraMode":{"drawMode":0,"name":"Shaded","section":"Shading Mode"},"sceneLighting":false,"audioPlay":false,"sceneViewState":{"showFog":true,"showMaterialUpdate":false,"showSkybox":false,"showFlares":true,"showImageEffects":true,"showParticleSystems":true},"in2DMode":false,"pivot":{"x":0.0,"y":0.5506688356399536,"z":-0.2694368362426758},"rotation":{"x":0.4680786728858948,"y":-0.1927107274532318,"z":0.10536012053489685,"w":0.8559920191764832},"size":3.4404914379119875,"orthographic":true}