{"cameraMode":{"drawMode":0,"name":"Shaded","section":"Shading Mode"},"sceneLighting":true,"audioPlay":false,"sceneViewState":{"showFog":true,"showMaterialUpdate":false,"showSkybox":true,"showFlares":true,"showImageEffects":true,"showParticleSystems":true},"in2DMode":false,"pivot":{"x":-4.586363315582275,"y":2.0253140926361086,"z":-18.582592010498048},"rotation":{"x":-0.0036622171755880119,"y":-0.8223856091499329,"z":0.5691665410995483,"w":-0.005382008850574493},"size":22.325956344604493,"orthographic":true}