{"cameraMode":{"drawMode":0,"name":"Shaded","section":"Shading Mode"},"sceneLighting":true,"audioPlay":false,"sceneViewState":{"showFog":true,"showMaterialUpdate":false,"showSkybox":true,"showFlares":true,"showImageEffects":true,"showParticleSystems":true},"in2DMode":false,"pivot":{"x":43.089637756347659,"y":-23.060333251953126,"z":20.146446228027345},"rotation":{"x":0.2281271517276764,"y":0.5325197577476502,"z":-0.1516876518726349,"w":0.800868570804596},"size":67.42030334472656,"orthographic":false}