{"cameraMode":{"drawMode":0,"name":"Shaded","section":"Shading Mode"},"sceneLighting":true,"audioPlay":false,"sceneViewState":{"showFog":false,"showMaterialUpdate":false,"showSkybox":false,"showFlares":false,"showImageEffects":false,"showParticleSystems":true},"in2DMode":false,"pivot":{"x":2.290217399597168,"y":5.9189605712890629,"z":-4.433124542236328},"rotation":{"x":-0.16797050833702088,"y":0.8320308923721314,"z":-0.37398844957351687,"w":-0.3736887276172638},"size":2.369558334350586,"orthographic":false}