{"cameraMode":{"drawMode":0,"name":"Shaded","section":"Shading Mode"},"sceneLighting":true,"audioPlay":false,"sceneViewState":{"showFog":true,"showMaterialUpdate":false,"showSkybox":true,"showFlares":true,"showImageEffects":true,"showParticleSystems":true},"in2DMode":false,"pivot":{"x":-3.043947219848633,"y":0.8798742294311523,"z":3.527609348297119},"rotation":{"x":-0.10403177887201309,"y":0.8346914649009705,"z":-0.1690349578857422,"w":-0.5137071013450623},"size":16.132896423339845,"orthographic":false}