{"cameraMode":{"drawMode":0,"name":"Shaded","section":"Shading Mode"},"sceneLighting":true,"audioPlay":false,"sceneViewState":{"showFog":true,"showMaterialUpdate":false,"showSkybox":true,"showFlares":true,"showImageEffects":true,"showParticleSystems":true},"in2DMode":false,"pivot":{"x":-3.7023611068725588,"y":-2.400938034057617,"z":2.796743392944336},"rotation":{"x":-0.2939916253089905,"y":-0.4041635990142822,"z":0.13899095356464387,"w":-0.8549401760101318},"size":28.131797790527345,"orthographic":false}