{"cameraMode":{"drawMode":0,"name":"Shaded","section":"Shading Mode"},"sceneLighting":false,"audioPlay":false,"sceneViewState":{"showFog":true,"showMaterialUpdate":false,"showSkybox":false,"showFlares":true,"showImageEffects":true,"showParticleSystems":true},"in2DMode":false,"pivot":{"x":2.384185791015625e-7,"y":0.036495134234428409,"z":0.0},"rotation":{"x":0.22626610100269319,"y":0.40029194951057436,"z":-0.10268215835094452,"w":0.8820819854736328},"size":1.1566119194030762,"orthographic":false}