{"cameraMode":{"drawMode":0,"name":"Shaded","section":"Shading Mode"},"sceneLighting":true,"audioPlay":false,"sceneViewState":{"showFog":true,"showMaterialUpdate":false,"showSkybox":true,"showFlares":true,"showImageEffects":true,"showParticleSystems":true},"in2DMode":false,"pivot":{"x":1.9454340934753419,"y":-0.5377751588821411,"z":-4.126739501953125},"rotation":{"x":-0.17082856595516206,"y":-0.8029652237892151,"z":0.27368777990341189,"w":-0.5011731386184692},"size":8.783683776855469,"orthographic":false}