{"cameraMode":{"drawMode":0,"name":"Shaded","section":"Shading Mode"},"sceneLighting":false,"audioPlay":false,"sceneViewState":{"showFog":true,"showMaterialUpdate":false,"showSkybox":false,"showFlares":true,"showImageEffects":true,"showParticleSystems":true},"in2DMode":false,"pivot":{"x":3.5,"y":0.5249998569488525,"z":-3.500001907348633},"rotation":{"x":-0.16273878514766694,"y":-0.021604133769869806,"z":0.003559413366019726,"w":-0.9864614009857178},"size":1.447900414466858,"orthographic":true}