{"cameraMode":{"drawMode":0,"name":"Shaded","section":"Shading Mode"},"sceneLighting":false,"audioPlay":false,"sceneViewState":{"showFog":true,"showMaterialUpdate":false,"showSkybox":false,"showFlares":true,"showImageEffects":true,"showParticleSystems":true},"in2DMode":false,"pivot":{"x":-23.99935531616211,"y":3.105823278427124,"z":22.579051971435548},"rotation":{"x":-0.15416884422302247,"y":0.016287917271256448,"z":-0.002529091201722622,"w":-0.987957775592804},"size":26.16584587097168,"orthographic":true}