{"cameraMode":{"drawMode":0,"name":"Shaded","section":"Shading Mode"},"sceneLighting":true,"audioPlay":false,"sceneViewState":{"showFog":true,"showMaterialUpdate":false,"showSkybox":true,"showFlares":true,"showImageEffects":true,"showParticleSystems":true},"in2DMode":false,"pivot":{"x":-14.157049179077149,"y":12.440120697021485,"z":-11.666717529296875},"rotation":{"x":-0.014720435254275799,"y":0.9694584608078003,"z":-0.2375495284795761,"w":-0.05999738723039627},"size":28.359798431396486,"orthographic":true}