{"cameraMode":{"drawMode":0,"name":"Shaded","section":"Shading Mode"},"sceneLighting":true,"audioPlay":false,"sceneViewState":{"showFog":true,"showMaterialUpdate":false,"showSkybox":true,"showFlares":true,"showImageEffects":true,"showParticleSystems":true},"in2DMode":false,"pivot":{"x":-9.624170303344727,"y":-15.394033432006836,"z":-1.0367951393127442},"rotation":{"x":-0.005992748774588108,"y":-0.8842057585716248,"z":0.4677627384662628,"w":-0.011232518590986729},"size":35.68162155151367,"orthographic":true}