{"cameraMode":{"drawMode":0,"name":"Shaded","section":"Shading Mode"},"sceneLighting":true,"audioPlay":false,"sceneViewState":{"showFog":true,"showMaterialUpdate":false,"showSkybox":true,"showFlares":true,"showImageEffects":true,"showParticleSystems":true},"in2DMode":false,"pivot":{"x":39.53864669799805,"y":-40.01730728149414,"z":52.76288604736328},"rotation":{"x":0.2940642833709717,"y":0.44170817732810976,"z":-0.15590475499629975,"w":0.8331366181373596},"size":97.42471313476563,"orthographic":false}