{"cameraMode":{"drawMode":0,"name":"Shaded","section":"Shading Mode"},"sceneLighting":true,"audioPlay":false,"sceneViewState":{"showFog":true,"showMaterialUpdate":false,"showSkybox":true,"showFlares":true,"showImageEffects":true,"showParticleSystems":true},"in2DMode":false,"pivot":{"x":9.394532203674317,"y":-62.71794128417969,"z":-54.562496185302737},"rotation":{"x":0.007876518182456494,"y":-0.922308623790741,"z":0.38594093918800356,"w":0.018834896385669709},"size":100.47017669677735,"orthographic":false}