{"cameraMode":{"drawMode":0,"name":"Shaded","section":"Shading Mode"},"sceneLighting":true,"audioPlay":false,"sceneViewState":{"showFog":true,"showMaterialUpdate":false,"showSkybox":true,"showFlares":true,"showImageEffects":true,"showParticleSystems":true},"in2DMode":false,"pivot":{"x":35.74763870239258,"y":-8.334239959716797,"z":22.728349685668947},"rotation":{"x":0.16148607432842256,"y":0.7221657633781433,"z":-0.17994362115859986,"w":0.6480985879898071},"size":36.77778625488281,"orthographic":false}