{"cameraMode":{"drawMode":0,"name":"Shaded","section":"Shading Mode"},"sceneLighting":true,"audioPlay":false,"sceneViewState":{"showFog":true,"showMaterialUpdate":false,"showSkybox":false,"showFlares":true,"showImageEffects":true,"showParticleSystems":true},"in2DMode":false,"pivot":{"x":-3.0019633769989015,"y":5.531611442565918,"z":0.7731896042823792},"rotation":{"x":-0.030406232923269273,"y":-0.9682019352912903,"z":0.1472201645374298,"w":-0.20000216364860536},"size":1.7941248416900635,"orthographic":false}